{"cameraMode":{"drawMode":0,"name":"Shaded","section":"Shading Mode"},"sceneLighting":false,"audioPlay":false,"sceneViewState":{"showFog":true,"showMaterialUpdate":false,"showSkybox":false,"showFlares":true,"showImageEffects":true,"showParticleSystems":true},"in2DMode":false,"pivot":{"x":-17.504255294799806,"y":2.743000030517578,"z":0.9120000004768372},"rotation":{"x":0.04570602625608444,"y":-0.898383378982544,"z":0.09698852151632309,"w":0.4262181222438812},"size":0.8701777458190918,"orthographic":false}