{"cameraMode":{"drawMode":0,"name":"Shaded","section":"Shading Mode"},"sceneLighting":true,"audioPlay":false,"sceneViewState":{"showFog":true,"showMaterialUpdate":false,"showSkybox":true,"showFlares":true,"showImageEffects":true,"showParticleSystems":true},"in2DMode":false,"pivot":{"x":60.53907775878906,"y":2.2144572734832765,"z":-20.286361694335939},"rotation":{"x":-0.01718069054186344,"y":0.4206677973270416,"z":-0.007906422950327397,"w":-0.9072021245956421},"size":2.6502645015716554,"orthographic":false}